tipo,registros,macro
ESTELIONATO,66692,FRAUDE
AMEACA,52143,AMEACA_VD
ROUBO A PEDESTRE,32795,ROUBO_RUA
LESAO CORPORAL,24905,LESAO
OUTROS CRIMES,24152,OUTROS
FURTO SIMPLES,20517,FURTO_OUTROS
LESAO CORPORAL CULPOSA DIRECAO VEIC AUTOMOTOR,20130,TRANSITO
OUTRAS FRAUDES,15908,FRAUDE
FURTO QUALIFICADO,15042,FURTO_OUTROS
OUTROS FURTOS,13750,FURTO_OUTROS
FURTO DE CELULAR,13670,FURTO_OUTROS
ENTORPECENTES - TRAFICO,11890,DROGAS
VIAS DE FATO,11342,LESAO
INJURIA,10387,HONRA_DISCRIM
FURTO DE DOCUMENTO,10364,FURTO_OUTROS
DANO,9650,DANO
FURTO EM VEICULO,9635,FURTO_VEICULO
PERTURBACAO DO TRABALHO OU DO SOSSEGO ALHEIOS,8953,ORDEM_PUBLICA
FUGA DE LOCAL DE ACIDENTE - ART. 305,8111,TRANSITO
FURTO DE FIOS E CABOS,6886,FURTO_OUTROS
FURTO DE VEICULO,6696,FURTO_VEICULO
ENTORPECENTES  POSSE,6235,DROGAS
DESCUMPRIMENTO DE MEDIDA PROTETIVA DE URGENCIA,6136,AMEACA_VD
ESTELIONATO  FRAUDE ELETRONICA,6118,FRAUDE
CALUNIA,5479,HONRA_DISCRIM
FURTO DE TELEFONE CELULAR,5096,FURTO_OUTROS
APROPRIACAO INDEBITA,4812,FRAUDE
ROUBO DE CELULAR,4782,ROUBO_RUA
ROUBO DE VEICULO,4325,ROUBO_VEICULO
PERSEGUICAO,4016,AMEACA_VD
DIFAMACAO,3722,HONRA_DISCRIM
FURTO/ARROMBAMENTO DE RESIDENCIA,3312,FURTO_ARROMBAMENTO
FURTO EM VEICULO - ESTEPE,3048,FURTO_VEICULO
OUTROS ROUBOS,2978,ROUBO_OUTROS
FURTO/ARROMBAMENTO ESTABELECIMENTO COMERCIAL,2933,FURTO_ARROMBAMENTO
FURTO SIMPLES EM RESIDENCIA,2533,FURTO_OUTROS
EXTORSAO,2493,ROUBO_OUTROS
OUTROS CRIMES CONTRA A CRIANCA/ADOLESCENTE,2403,OUTROS
VIOLENCIA PSICOLOGICA CONTRA MULHER ART 147B,2128,AMEACA_VD
DESOBEDIENCIA,2085,ORDEM_PUBLICA
MAUS TRATOS,2015,AMEACA_VD
ROUBO DE TELEFONE CELULAR,1941,ROUBO_OUTROS
ESTUPRO DE VULNERAVEL,1927,SEXUAL
FURTO/ARROMBAMENTO,1856,FURTO_ARROMBAMENTO
OUTROS CRIMES CONTRA O IDOSO,1833,OUTROS
VIOLACAO DE DOMICILIO,1767,OUTROS
DANO QUALIFICADO,1731,DANO
IMPORTUNACAO SEXUAL,1666,SEXUAL
ROUBO A ESTABELECIMENTO COMERCIAL,1446,ROUBO_OUTROS
INVASAO DE DISPOSITIVO INFORMATICO,1428,FRAUDE
CRUELDADE CONTRA ANIMAIS,1404,OUTROS
RECEPTACAO,1367,FRAUDE
INJURIA DISCRIMINATORIA,1353,HONRA_DISCRIM
DESACATO,1294,ORDEM_PUBLICA
EMBRIAGUEZ - ART. 306,1279,TRANSITO
ROUBO A PEDESTRE COM LESOES,1247,ROUBO_RUA
PRECONCEITO RACA COR,1234,HONRA_DISCRIM
ADULTERACAO DE SINAL IDENTIFICADOR DE VEICULO AUTOMOTOR,1010,OUTROS
POSSE OU PORTE ILEGAL DE ARMA DE FOGO DE USO RESTRITO,997,ARMAS
FALSIDADE IDEOLOGICA,921,FRAUDE
DIRIGIR SEM HABILITACAO GERANDO PERIGO DE DANO ART. 309,920,TRANSITO
RECEPTACAO DE VEICULO,915,FRAUDE
HOMICIDIO DOLOSO,858,CVLI
LESAO CORPORAL LEVE,843,LESAO
CRIME DE POLUICAO E OUTROS CRIMES AMBIENTAIS,843,OUTROS
DENUNCIACAO CALUNIOSA,838,OUTROS
OUTROS CRIMES CONTRA RELACAO DE CONSUMO EOU ECONOMIA POPULAR,830,OUTROS
ESTELIONATO  FRAUDE COM A UTILIZACAO DE ATIVOS VIRTUAIS VALORES MOBILIARIOS OU ATIVOS FINANCEIROS,793,FRAUDE
OMISSAO DE CAUTELA NA GUARDA OU CONDUCAO DE ANIMAIS,763,OUTROS
FALSA IDENTIDADE,749,FRAUDE
MAUS TRATOS CONTRA O IDOSO,707,AMEACA_VD
HOMOFOBIA TRANSFOBIA,698,HONRA_DISCRIM
"PERMITIR,CONFIAR,OU ENTREG. DIRECAO A PESSOA S/HABIL.ART 310",680,OUTROS
ESTUPRO,674,SEXUAL
RESISTENCIA,666,OUTROS
ROUBO A TRANSPORTE COLETIVO,632,ROUBO_RUA
PORTE ILEGAL DE ARMA DE FOGO DE USO PERMITIDO,597,ARMAS
INCENDIO CULPOSO,500,DANO
APROPRIACAO DE COISA ACHADA,496,FRAUDE
EXERCICIO ARBITRARIO PROPRIAS RAZOES,466,OUTROS
ABANDONO DE INCAPAZ,458,OUTROS
ROUBO A MOTORISTA DE APLICATIVO,453,ROUBO_OUTROS
ROUBO A RESIDENCIA,426,ROUBO_OUTROS
ROUBO DE DOCUMENTO,420,ROUBO_OUTROS
LESAO CORPORAL CULPOSA,414,LESAO
APROPRIACAO COISA HAVIDA POR ERRO CASO FORTUITO OU FORCA DA NATUREZA,404,FRAUDE
EXERCICIO ILEGAL DA PROFISSAO,402,OUTROS
ROUBO A MOTORISTA DE CARRO ENTREGAS,394,ROUBO_OUTROS
HOMICIDIO CULPOSO DIRECAO VEIC AUTOMOTOR,380,OUTROS
APROPRIACAO INDEBITA DE BEM DE IDOSO,368,FRAUDE
ABANDONO DE IDOSO,360,OUTROS
COMUNICACAO FALSA DE CRIME OU CONTRAVENCAO,360,FRAUDE
DISPARO DE ARMA DE FOGO,350,ARMAS
CONSTRANGIMENTO ILEGAL,340,OUTROS
POSSE IRREGULAR DE ARMA DE FOGO DE USO PERMITIDO,327,ARMAS
ESBULHO POSSESSORIO,318,OUTROS
JOGOS DE AZAR,303,OUTROS
ROUBO COM LESOES,302,ROUBO_OUTROS
SEQUESTRO E CARCERE PRIVADO,287,OUTROS
INCENDIO DOLOSO,285,DANO
FALSIFICACAO DE DOCUMENTOS PARTICULARES,283,OUTROS
POSSE OU PORTE ILEGAL DE ARMA DE FOGO DE USO PROIBIDO,277,ARMAS
USO DE DOCUMENTO FALSO,267,OUTROS
ASSEDIO SEXUAL,255,SEXUAL
DIVULGACAO DE CENA DE ESTUPRO DE SEXO OU DE PORNOGRAFIA,235,SEXUAL
COACAO NO CURSO DO PROCESSO,233,OUTROS
FURTO DE ARMA,224,FURTO_OUTROS
OUTROS CRIMES QUE GERAM TERMOS CIRCUNSTANCIADOS,217,OUTROS
RECEPTACAO QUALIFICADA,207,FRAUDE
ROUBO A PASSAGEIRO TRANSP. COLETIVO E LOTACAO,201,ROUBO_OUTROS
PRECONCEITO RELIGIAO,200,HONRA_DISCRIM
PRECONCEITO DEFICIENCIA,197,HONRA_DISCRIM
CRIMES DE ABUSO DE AUTORIDADE,192,OUTROS
OUTROS CRIMES CONTRA A ADMINISTRACAO PUBLICA,191,OUTROS
CONDUTO INCONVENIENTE,190,OUTROS
CRIMES CONTRA A FAUNA,187,OUTROS
FURTO/ARROMBAMENTO A ESTABELECIMENTO DE ENSINO,179,FURTO_ARROMBAMENTO
ATO OBSCENO,176,OUTROS
INTIMIDACAO  BULLYING,158,OUTROS
ROUBO A MOTORISTA PARTICULAR,149,ROUBO_OUTROS
VIOLAR A SUSPENSAO OU PROIBICAO DE DIRIGIR VEICULO ART.307,146,TRANSITO
FALSIFICACAO DE PAPEIS/DOCUMENTOS PUBLICOS,142,OUTROS
LESAO CORPORAL GRAVE,137,LESAO
PICHAR OU POR OUTRO MEIO CONSPURCAR EDIFICACAO OU MONUMENTO URBANO,128,OUTROS
ROUBO DE VEICULO COM LESOES,120,ROUBO_VEICULO
CRIMES DE LAVAGEM OU OCULTACAO DE BENS DIREITOS E VALORES LEI 9613 DE 3 DE MARCO DE 1998,119,OUTROS
PORTE ARMA BRANCA,119,ARMAS
FURTO ABIGEATO,118,FURTO_OUTROS
CONSTRANGIMENTO ILEGAL DE CRIANCA E ADOLESCENTE,116,OUTROS
ABANDONO MATERIAL,114,OUTROS
FURTO DE COISA COMUM ART 156  SUBTRAIR O CONDOMINO COHERDEIRO OU SOCIO PARA SI OU PARA OUTREM A QUEM LEGITIMAMENTE A DETEM A COISA COMUM,113,FURTO_OUTROS
RECEPTACAO CULPOSA,112,FRAUDE
PORNOGRAFIA INFANTO-JUVENIL,110,OUTROS
PERIGO A VIDA/SAUDE DE OUTREM,102,OUTROS
SEQUESTRO RELAMPAGO,100,OUTROS
CRIMES CONTRA A FLORA,88,OUTROS
OUTROS CRIMES CONTRA MEIO AMBIENTE,86,OUTROS
EXERCICIO ARBITRARIO OU ABUSO DE PODER,82,OUTROS
DIRECAO PERIGOSA (RACHA) ART 308,81,TRANSITO
ROUBO A RESIDENCIA COM LESOES,78,ROUBO_OUTROS
SUBTRACAO DE INCAPAZ,77,OUTROS
FAVORECIMENTO REAL,76,OUTROS
PRECONCEITO ETNIA PROCEDENCIA NACIONAL,75,HONRA_DISCRIM
ORGANIZACAO CRIMINOSA ART 2 DA LEI 12850 DE 2013,72,OUTROS
ROUBO A MOTORISTA DE TAXI,71,ROUBO_OUTROS
CONDUTAS RELAC. A PEDOFILIA NA INTERNET E OTR MEIOS DE COMUNIC.,67,OUTROS
ENTORPECENTE  ASSOCIACAO,66,OUTROS
ASSOCIACAO CRIMINOSA ART 288 DO CP,66,OUTROS
TRAFEGAR COM VELOCIDADE INCOMPATIVEL COM A SEGURANCA ART.311,60,OUTROS
FURTO DE CARGA EM CAMINHAO,60,FURTO_OUTROS
AMEACA A ESTABELECIMENTO DE ENSINO,57,AMEACA_VD
OMISSAO SOCORRO ART 135 CP,57,OUTROS
MORTE DECORRENTE DE OPOSICAO A INTERVENCAO POLICIAL,55,OUTROS
OUTROS CRIMES CONTRA O PATRIMONIO,53,DANO
EXTORSAO MEDIANTE SEQUESTRO,51,ROUBO_OUTROS
ROUBO A ESTABELECIMENTO COMERCIAL COM LESOES,51,ROUBO_OUTROS
CRIMES DA LEI GERAL DO ESPORTE,49,OUTROS
FALSO TESTEMUNHO OU FALSA PERICIA,47,FRAUDE
HOMICIDIO CULPOSO,45,OUTROS
ROUBO A MOTORISTA DE CARGA DE CAMINHAO,45,ROUBO_VEICULO
INTIMIDACAO  CYBERBULLYING,42,OUTROS
ROUBO A PEDESTRE ESCOLAR,40,ROUBO_RUA
INJURIA QUALIFICADA  RACA COR ETNIA RELIGIAO OU ORIGEM,40,HONRA_DISCRIM
DESLEIXO EM INFORMACOES AO CONSUMIDOR,38,OUTROS
HOMICIDIO DECORRENTE DE OPOSICAO A INTERVENCAO POLICIAL,36,OUTROS
FURTO/ARROMBAMENTO ESTABELECIMENTO BANCARIO,35,FURTO_ARROMBAMENTO
VIOLACAO DE CORRESPONDENCIA,33,OUTROS
FURTO PRIVILEGIADO,32,FURTO_OUTROS
ROUBO A MOTORISTA COM LESOES,30,ROUBO_OUTROS
CRIME CONTRA A ORDEM TRIBUTARIA - LEI 8137/90,30,OUTROS
INJURIA REAL,29,HONRA_DISCRIM
PROMOVER TUMULTO PRATICAR OU INCITAR A VIOLENCIA OU INVADIR LOCAL RESTRITO AOS COMPETIDORES EM EVENTOS ESPORTIVOS  ART 41 B ESTATUTO REVOGADO PELA LEI N 14597 DE 2023,29,OUTROS
CRIMES DE TORTURA   LEI 9455 DE 1997,29,OUTROS
VIOLACAO DE SIGILO FUNCIONAL,29,OUTROS
OUTROS CRIMES CONTRA A ORGANIZACAO DO TRABALHO,29,OUTROS
ROUBO DE ARMA,28,ROUBO_OUTROS
PECULATO,28,OUTROS
VIOLACAO SEXUAL MEDIANTE FRAUDE,28,FRAUDE
CORRUPCAO ATIVA,28,OUTROS
INCITACAO AO CRIME,27,OUTROS
ROUBO A MOTORISTA DE LOTACAO,27,ROUBO_OUTROS
FEMINICIDIO,27,CVLI
APOLOGIA AO NAZISMO,26,OUTROS
COMERCIO ILEGAL DE ARMA DE FOGO,25,ARMAS
OMISSAO DE SOCORRO CONTRA O IDOSO,24,OUTROS
VIOLACAO DE DIREITO AUTORAL (PLAGIO),24,OUTROS
CONDICIONAMENTO DE ATENDIMENTO MEDICO HOSPITALAR EMERGENCIAL,24,OUTROS
OUTROS CRIMES CONTRA A FE PUBLICA,23,OUTROS
DISCRIMINACAO A PESSOA COM DEFICIENCIA,23,OUTROS
INSERCAO DE DADOS FALSOS EM SISTEMA DE INFORMACOES,22,OUTROS
LESAO CORPORAL GRAVISSIMA,22,LESAO
SATISFACAO DE LASCIVIA MEDIANTE PRESENCA DE CRIANCA OU ADOLESCENTE,21,OUTROS
CORRUPCAO PASSIVA,20,OUTROS
CRIME ELEITORAL,20,OUTROS
LESAO CORPORAL SEGUIDA DE MORTE,20,LESAO
EXTRAVIO SONEGACAO OU INUTILIZACAO DE LIVRO OU DOCUMENTO,19,OUTROS
FRAUDE NO COMERCIO,18,FRAUDE
PREVARICACAO,17,OUTROS
RIXA,17,OUTROS
ALTERACAO LIMITES DIVISORIOS,16,OUTROS
DISCRIMINACAO CONTRA O IDOSO,15,OUTROS
OUTROS CRIMES CONTRA A INCOLUMIDADE PUBLICA,15,OUTROS
OUTROS CRIMES CONTRA A FAMILIA,15,OUTROS
FORNECER PRODUTOS CRIANCA/ADOLESCENTE QUE CAUSAM DEPENDENCIA,15,OUTROS
OMISSAO DE SOCORRO  ART 304 DO CTB,15,TRANSITO
OUTROS CRIMES CONTRA A LIBERDADE INDIVIDUAL,14,OUTROS
NEGAR INFORMACOES AO CONSUMIDOR,14,OUTROS
ROUBO COM MORTE,13,ROUBO_OUTROS
EXPLORACAO SEXUAL INFANTO-JUVENIL,13,OUTROS
CORRUPCAO DE MENORES,12,OUTROS
SERVIR BEBIDA ALCOOLICA A VULNERAVEIS,12,OUTROS
MOTIM DE PRESOS,12,OUTROS
ABANDONO INTELECTUAL,12,OUTROS
CRIME CONTRA A ADMINISTRACAO AMBIENTAL,12,OUTROS
ABUSO DE INCAPAZ,11,OUTROS
ABORTO,11,OUTROS
CONCUSSAO,10,OUTROS
OUTROS CRIMES CONTRA O SENTIMENTO RELIGIOSO,9,OUTROS
FAVORECIMENTO DA PROSTITUICAO OU DE OUTRA FORMA DE EXPLORACAO SEXUAL DE CRIANCA OU ADOLESCENTE OU DE VULNERAVEL,9,OUTROS
RECUSA DE DADOS SOBRE A PROPRIA IDENTIFICACAO OU QUALIFICACAO,8,OUTROS
CRIME CONTRA SEGURANCA NACIONAL  LEI 71701983  ART 15 PRATICAR SABOTAGEM CONTRA INSTALACOES MILITARES MEIOS DE COMUNICACOES MEIOS E VIAS DE TRANSPORTE ESTALEIROS PORTOS AEROPORTOS FABRICAS USINAS BARRAGEM DEPOSITOS E OUTRAS INSTALACOES CONGENERES,8,OUTROS
ABANDONO DE PESSOA COM DEFICIENCIA,8,OUTROS
FALSIFICAO DE MEDICAMENTO  ART 273 CP,8,OUTROS
FRAUDE PROCESSUAL,7,FRAUDE
HOMICIDIO DOLOSO NA DIRECAO DE VEICULO AUTOMOTOR,7,CVLI
LESAO CORPORAL DECORRENTE DE OPOSICAO A INTERVENCAO POLICIAL,7,LESAO
ROUBO A JOALHERIAS E OTICAS,7,ROUBO_OUTROS
USURPACAO DE FUNCAO PUBLICA,7,OUTROS
MAUS TRATOS CONTRA ANIMAIS,7,AMEACA_VD
FAVORECIMENTO PESSOAL,7,OUTROS
ROUBO A MALOTE,6,ROUBO_OUTROS
FRAUDE NO PAGAMENTO POR MEIO DE CHEQUE,6,FRAUDE
APROPRIACAO DE BENS DE PESSOA COM DEFICIENCIA,6,FRAUDE
CRIMES CONTRA O SISTEMA FINANCEIRO - LEI 7492/86,6,OUTROS
OUTROS CRIMES CONTRA A PROPRIEDADE IMATERIAL,6,OUTROS
ATENTADO CONTRA SEGURANCA SERV UTILIDADE PUBLICA,6,OUTROS
ROUBO A ESTABELEC. DE ENSINO,5,ROUBO_OUTROS
CONCORRENCIA DESLEAL,5,OUTROS
APOLOGIA DE CRIME OU CRIMINOSO,5,OUTROS
FACILITACAO DE CONTRABANDO OU DESCAMINHO,5,OUTROS
DISPOR COISA ALHEIA COMO PROPRIA,5,OUTROS
SUBTRACAO OU INUTILIZACAO DE LIVRO OU DOCUMENTO,5,OUTROS
OMISSAO NO TERMO DE GARANTIA,4,OUTROS
FRAUDE A CREDORES,4,FRAUDE
INDUZIMENTO INSTIGAO AUXILIO AO SUICIDIO OU A AUTOMULTILAO,4,OUTROS
RUFIANISMO,4,OUTROS
FURTO/ARROMBAMENTO A CAIXA ELETRONICO,4,FURTO_ARROMBAMENTO
PROPAGANDA ENGANOSA,4,OUTROS
FURTO VEICULO AUTOMOTOR TRANSPORTE OUTRO ESTADO,4,FURTO_OUTROS
REDUCAO A CONDICAO ANALOGA A DE ESCRAVO,4,OUTROS
FEMINICIDIO ART 121 PAR 2 VI,3,CVLI
INFRACAO DE MEDIDA SANITARIA PREVENTIVA,3,OUTROS
ROUBO DE VEICULO COM MORTE,3,ROUBO_VEICULO
ROUBO A RESIDENCIA COM MORTE,3,ROUBO_OUTROS
USO ILEGITIMO DE UNIFORME OU DISTINTIVO,3,OUTROS
ATIVIDADE CLANDESTINA DE TELECOMUNICACOES,3,OUTROS
ATIVIDADE(S) COM RISCOS A SEGURANCA,3,OUTROS
VENDER INGRESSOS DE EVENTO ESPORTIVO POR PRECO SUPERIOR AO ESTAMPADO NO BILHETE ART 41 F  ESTATUTO REVOGADO PELA LEI N 14597 DE 2023,3,OUTROS
"INOVAR ARTIFICIOSAMENTE,EM CASO DE ACIDENTE TRANSITO ART.312",3,OUTROS
ROUBO A MOTORISTA COM MORTE,3,ROUBO_OUTROS
ADVOCACIA ADMINISTRATIVA,3,OUTROS
AFIRMACAO ENGANOSA SOBRE PRODUTO,2,OUTROS
ROUBO A CASA LOTERICA,2,ROUBO_OUTROS
VIOLACAO DE SEPULTURA,2,OUTROS
RETENCAO DO CARTAO DE PESSOA COM DEFICIENCIA,2,OUTROS
ABANDONO DE FUNCAO,2,OUTROS
VILIPENDIO A CADAVER,2,OUTROS
TRAFICO DE INFLUENCIA,2,OUTROS
CRIME CONTRA O ORDENAMENTO URBANO E PATRIMONIO CULTURAL,2,DANO
FURTO DE DEFENSIVO AGRICOLA,2,FURTO_OUTROS
MODIFICACAO OU ALTERACAO NAO AUTORIZADA DE SISTEMA DE INFORMACOES,2,OUTROS
ROUBO DE ARMA COM LESOES,2,ROUBO_OUTROS
OUTROS CRIMES CONTRA A FAZENDA ESTADUAL,2,OUTROS
FRAUDAR POR QUALQUER MEIO OU CONTRIBUIR PARA QUE SE FRAUDE DE QUALQUER FORMA O RESULTADO DE COMPETICAO ESPORTIVA ART 41 E ESTATUTO REVOGADO PELA LEI N 14597 DE 2023,1,FRAUDE
CURANDERISMO,1,OUTROS
ROUBO A ESTABELECIMENTO COMERCIAL COM MORTE,1,ROUBO_OUTROS
RECEPTACAO DE ANIMAL,1,FRAUDE
CRIMES OCORRIDOS NA INVESTIGACAO E NA OBTENCAO DA PROVA DO CRIME ORGANIZADO ARTIGOS 18 A 21 DA LEI 12850 DE 2013,1,OUTROS
EXIGIR EXCLUSIVIDADE,1,OUTROS
CONSTITUICAO DE MILICIA PRIVADA,1,OUTROS
ROUBO A POSTO BANCARIO,1,ROUBO_OUTROS
CHARLATANISMO,1,OUTROS
"DESTRUICAO, SUBTRACAO OU OCULTACAO DE CADAVER",1,OUTROS
SUPRESSAO OU ALTERACAO DE MARCA EM ANIMAIS,1,OUTROS
APROPRIACAO INDEBITA DE CELULAR,1,FRAUDE
