cod_municipio,municipio,mesorregiao,populacao,n_ocorrencias,n_crime_rua,taxa_100k,taxa_crime_rua_100k
4323804.0,XANGRI LA,Metropolitana de Porto Alegre,16463.0,7966,2512,12096.823179250441,3814.6145902933854
4310330.0,IMBE,Metropolitana de Porto Alegre,26824.0,12975,4521,12092.715478675813,4213.577393379063
4301057.0,ARROIO DO SAL,Metropolitana de Porto Alegre,11057.0,5163,1789,11673.600434114136,4044.9489011485934
4321600.0,TRAMANDAI,Metropolitana de Porto Alegre,54387.0,24991,9192,11487.579752514388,4225.274422196481
4307401.0,ESMERALDA,Nordeste Rio-grandense,3195.0,1459,415,11416.275430359938,3247.261345852895
4321501.0,TORRES,Metropolitana de Porto Alegre,41751.0,19053,5835,11408.708773442553,3493.928289142775
4312302.0,MIRAGUAI,Noroeste Rio-grandense,4427.0,1967,495,11107.973797153829,2795.346735938559
4305454.0,CIDREIRA,Metropolitana de Porto Alegre,17071.0,7330,2808,10734.579110772656,4112.237127291898
4304630.0,CAPAO DA CANOA,Metropolitana de Porto Alegre,63594.0,27296,8719,10730.572066547158,3427.6032330094035
4304002.0,CAMPO NOVO,Noroeste Rio-grandense,4975.0,2077,654,10437.18592964824,3286.4321608040204
4322509.0,VACARIA,Nordeste Rio-grandense,64197.0,26737,8557,10412.090907674814,3332.3208249606682
4301636.0,BALNEARIO PINHAL,Metropolitana de Porto Alegre,14955.0,6214,1948,10387.830157138082,3256.435974590438
4314902.0,PORTO ALEGRE,Metropolitana de Porto Alegre,1332845.0,528978,228390,9921.971422033319,4283.881471588969
4321402.0,TENENTE PORTELA,Noroeste Rio-grandense,14497.0,5706,1547,9839.966889701318,2667.79333655239
4309100.0,GRAMADO,Metropolitana de Porto Alegre,40134.0,15305,3960,9533.68714805402,2466.7364329496186
4306106.0,CRUZ ALTA,Noroeste Rio-grandense,58913.0,22021,6531,9344.711693514166,2771.4596099332916
4320800.0,SOLEDADE,Noroeste Rio-grandense,29991.0,11098,3750,9251.108665933114,3125.9377813344
4316451.0,SALTO DO JACUI,Noroeste Rio-grandense,10203.0,3755,1112,9200.72527687935,2724.6888170146035
4305439.0,CHUI,Sudeste Rio-grandense,6262.0,2286,886,9126.477163845417,3537.208559565634
4311700.0,MACHADINHO,Noroeste Rio-grandense,5735.0,2055,673,8958.151700087185,2933.740191804708
4304408.0,CANELA,Metropolitana de Porto Alegre,48946.0,17233,5173,8802.047154006457,2642.1975238017408
4317509.0,SANTO ANGELO,Noroeste Rio-grandense,76917.0,26610,9398,8648.933265727992,3054.5913127137046
4316907.0,SANTA MARIA,Centro Ocidental Rio-grandense,271735.0,93231,30551,8577.38237621212,2810.7347231677923
4318309.0,SAO GABRIEL,Sudoeste Rio-grandense,58487.0,20041,6660,8566.433566433567,2846.7864653683723
4319125.0,SAO MARTINHO DA SERRA,Centro Ocidental Rio-grandense,2860.0,977,334,8540.20979020979,2919.5804195804194
4310504.0,IRAI,Noroeste Rio-grandense,7482.0,2539,719,8483.694199411922,2402.4325046778936
4305975.0,COXILHA,Noroeste Rio-grandense,2667.0,889,219,8333.333333333332,2052.8683914510684
4300646.0,AMETISTA DO SUL,Noroeste Rio-grandense,7650.0,2505,618,8186.274509803921,2019.6078431372548
4318903.0,SAO LUIZ GONZAGA,Noroeste Rio-grandense,34752.0,11318,3398,8141.97744014733,2444.4636279926335
4307005.0,ERECHIM,Noroeste Rio-grandense,105705.0,34400,9245,8135.849770587956,2186.5096258455137
4304606.0,CANOAS,Metropolitana de Porto Alegre,347657.0,113019,39879,8127.191455946522,2867.6971842937146
4319505.0,SAO SEBASTIAO DO CAI,Metropolitana de Porto Alegre,24428.0,7915,2591,8100.335680366792,2651.6702145079416
4311304.0,LAGOA VERMELHA,Nordeste Rio-grandense,27659.0,8933,2904,8074.225387758053,2624.823746339347
4320701.0,SOBRADINHO,Centro Oriental Rio-grandense,14226.0,4593,1479,8071.4888232813155,2599.1142977646564
4321436.0,TERRA DE AREIA,Metropolitana de Porto Alegre,10334.0,3310,839,8007.547900135475,2029.7077607896265
4304705.0,CARAZINHO,Noroeste Rio-grandense,61804.0,19769,5765,7996.65070221992,2331.968804608116
4312401.0,MONTENEGRO,Metropolitana de Porto Alegre,64322.0,20458,6387,7951.400764901589,2482.432138304157
4313508.0,OSORIO,Metropolitana de Porto Alegre,47396.0,14940,4705,7880.4118491011905,2481.7495147269815
4307708.0,ESTEIO,Metropolitana de Porto Alegre,76137.0,23905,8531,7849.337378672656,2801.200467578182
4314100.0,PASSO FUNDO,Noroeste Rio-grandense,206215.0,64143,20717,7776.228693354024,2511.577722280145
4308003.0,FAXINAL DO SOTURNO,Centro Ocidental Rio-grandense,6702.0,2077,437,7747.687257535064,1630.1104148015518
4306973.0,EREBANGO,Noroeste Rio-grandense,3054.0,944,301,7727.570399476097,2463.9816633922724
4321907.0,TRES PASSOS,Noroeste Rio-grandense,25436.0,7731,2112,7598.482465796509,2075.798081459349
4306767.0,ELDORADO DO SUL,Metropolitana de Porto Alegre,39559.0,12021,3936,7596.880608711039,2487.423847923355
4304671.0,CAPIVARI DO SUL,Metropolitana de Porto Alegre,3991.0,1209,265,7573.289902280131,1659.9849661738913
4312138.0,MATO CASTELHANO,Noroeste Rio-grandense,2553.0,772,247,7559.733646690169,2418.7230708969837
4310207.0,IJUI,Noroeste Rio-grandense,84780.0,25619,8174,7554.552960603916,2410.3562160887
4300661.0,ANDRE DA ROCHA,Nordeste Rio-grandense,1135.0,342,86,7533.039647577093,1894.273127753304
4300604.0,ALVORADA,Metropolitana de Porto Alegre,187315.0,56132,20658,7491.658436323839,2757.120358753971
4318200.0,SAO FRANCISCO DE PAULA,Nordeste Rio-grandense,21893.0,6514,1877,7438.450646325309,2143.3791622893164
4320206.0,SEBERI,Noroeste Rio-grandense,11950.0,3551,1151,7428.87029288703,2407.949790794979
4320008.0,SAPUCAIA DO SUL,Metropolitana de Porto Alegre,132107.0,39256,14354,7428.826632956619,2716.358709228126
4321006.0,TAPERA,Noroeste Rio-grandense,10592.0,3135,785,7399.452416918429,1852.8134441087614
4323457.0,VILA NOVA DO SUL,Centro Ocidental Rio-grandense,3863.0,1143,299,7397.100698938648,1935.0245922857882
4318705.0,SAO LEOPOLDO,Metropolitana de Porto Alegre,217409.0,64326,24703,7396.887893325484,2840.6137740387935
4311205.0,JULIO DE CASTILHOS,Centro Ocidental Rio-grandense,18226.0,5386,1710,7387.797651706353,2345.5503127400416
4311122.0,JAQUIRANA,Nordeste Rio-grandense,3690.0,1090,305,7384.823848238482,2066.3956639566395
4317301.0,SANTA VITORIA DO PALMAR,Sudeste Rio-grandense,30983.0,9147,3135,7380.660362134074,2529.6130135880967
4314308.0,PEJUCARA,Noroeste Rio-grandense,3745.0,1103,306,7363.150867823764,2042.7236315086782
4315602.0,RIO GRANDE,Sudeste Rio-grandense,191900.0,56511,21044,7362.037519541428,2741.5320479416364
4301859.0,BARRA DO GUARITA,Noroeste Rio-grandense,3161.0,929,212,7347.358430876305,1676.684593483075
4313409.0,NOVO HAMBURGO,Metropolitana de Porto Alegre,227646.0,66806,23846,7336.610351159256,2618.758950300027
4302303.0,BOM JESUS,Nordeste Rio-grandense,11202.0,3280,1113,7320.121406891626,2483.9314408141404
4310108.0,IGREJINHA,Metropolitana de Porto Alegre,32808.0,9560,2571,7284.808583272373,1959.1258229700072
4315057.0,PORTO MAUA,Noroeste Rio-grandense,2142.0,624,161,7282.913165266107,1879.0849673202613
4316808.0,SANTA CRUZ DO SUL,Centro Oriental Rio-grandense,133230.0,38777,10723,7276.326653156196,2012.1218944682128
4323002.0,VIAMAO,Metropolitana de Porto Alegre,224112.0,65098,22528,7261.770900264154,2513.0291996858714
4321709.0,TRES COROAS,Metropolitana de Porto Alegre,24425.0,7089,1841,7255.885363357216,1884.3398157625381
4305355.0,CHARQUEADAS,Metropolitana de Porto Alegre,35012.0,10118,3356,7224.665828858677,2396.3212612818465
4313375.0,NOVA SANTA RITA,Metropolitana de Porto Alegre,29024.0,8378,2241,7216.441565600882,1930.2990628445423
4310439.0,IPE,Nordeste Rio-grandense,5399.0,1554,398,7195.776995739951,1842.933876643823
4304622.0,CAPAO BONITO DO SUL,Nordeste Rio-grandense,1733.0,497,156,7169.648009232545,2250.4327755337563
4306809.0,ENCANTADO,Centro Oriental Rio-grandense,22962.0,6571,2205,7154.211305635398,2400.705513457016
4317202.0,SANTA ROSA,Noroeste Rio-grandense,76963.0,22020,6734,7152.787703182048,2187.4147317542192
4302105.0,BENTO GONCALVES,Nordeste Rio-grandense,123151.0,35078,10792,7120.932838547798,2190.8064083929485
4307906.0,FARROUPILHA,Nordeste Rio-grandense,70286.0,19998,5427,7113.080841134792,1930.3275189938252
4308706.0,GAURAMA,Noroeste Rio-grandense,5665.0,1606,297,7087.378640776699,1310.6796116504854
4309308.0,GUAIBA,Metropolitana de Porto Alegre,92924.0,26264,7305,7065.989410701218,1965.3157418966036
4301107.0,ARROIO DOS RATOS,Metropolitana de Porto Alegre,14601.0,4122,1374,7057.735771522498,2352.5785905074995
4308904.0,GETULIO VARGAS,Noroeste Rio-grandense,16602.0,4676,1251,7041.320322852668,1883.8091796169135
4300406.0,ALEGRETE,Sudoeste Rio-grandense,72409.0,20392,5986,7040.561256197433,2066.7320360728636
4322905.0,VIADUTOS,Noroeste Rio-grandense,4769.0,1342,364,7035.01782344307,1908.1568462990147
4303673.0,CAMPESTRE DA SERRA,Nordeste Rio-grandense,3242.0,911,211,7024.9845774213445,1627.0820481184455
4308409.0,FORMIGUEIRO,Centro Ocidental Rio-grandense,6413.0,1801,439,7020.8950569156395,1711.3675346951504
4316709.0,SANTA BARBARA DO SUL,Noroeste Rio-grandense,8122.0,2279,618,7014.8978084215705,1902.240827382418
4313706.0,PALMEIRA DAS MISSOES,Noroeste Rio-grandense,33216.0,9320,2680,7014.691714836223,2017.1001926782274
4321204.0,TAQUARA,Metropolitana de Porto Alegre,53242.0,14931,5249,7010.912437549304,2464.689530821532
4308078.0,FAZENDA VILANOVA,Centro Oriental Rio-grandense,4291.0,1203,385,7008.855744581682,2243.0668841761826
4319802.0,SAO VICENTE DO SUL,Centro Ocidental Rio-grandense,8097.0,2258,657,6971.717920217365,2028.5290848462396
4312203.0,MAXIMILIANO DE ALMEIDA,Noroeste Rio-grandense,4191.0,1165,275,6949.415413982343,1640.4199475065616
4317400.0,SANTIAGO,Centro Ocidental Rio-grandense,48938.0,13601,3735,6948.07715885406,1908.0264824880462
4301602.0,BAGE,Sudoeste Rio-grandense,117938.0,32713,10214,6934.3638182774,2165.120656616188
4311007.0,JAGUARAO,Sudeste Rio-grandense,26603.0,7371,2511,6926.850355223095,2359.696274856219
4313656.0,PALMARES DO SUL,Metropolitana de Porto Alegre,12844.0,3549,1224,6907.894736842106,2382.4353783867955
4314704.0,PLANALTO,Noroeste Rio-grandense,10406.0,2875,724,6907.072842590813,1739.3811262733038
4303103.0,CACHOEIRINHA,Metropolitana de Porto Alegre,136258.0,37596,12493,6897.943606980874,2292.158992499523
4317103.0,SANT ANA DO LIVRAMENTO,Sudoeste Rio-grandense,84421.0,23094,7768,6838.93817888914,2300.375498987219
4312104.0,MATA,Centro Ocidental Rio-grandense,4698.0,1285,343,6838.016177096637,1825.2447850149
4306700.0,DONA FRANCISCA,Centro Ocidental Rio-grandense,3079.0,842,181,6836.635271191946,1469.6329977265345
4314803.0,PORTAO,Metropolitana de Porto Alegre,34071.0,9312,2598,6832.790349564146,1906.3132869595843
4309407.0,GUAPORE,Nordeste Rio-grandense,25268.0,6906,1703,6832.752889029603,1684.937470318189
4315305.0,QUARAI,Sudoeste Rio-grandense,23500.0,6417,1990,6826.595744680851,2117.021276595745
4303400.0,CAICARA,Noroeste Rio-grandense,4836.0,1320,251,6823.821339950373,1297.5599669148055
4300851.0,ARAMBARE,Metropolitana de Porto Alegre,4112.0,1122,422,6821.498054474708,2565.6614785992215
4302907.0,CACEQUI,Centro Ocidental Rio-grandense,11157.0,3039,1097,6809.626243613874,2458.098055032715
4313607.0,PAIM FILHO,Noroeste Rio-grandense,3629.0,986,241,6792.504822265088,1660.2369798842658
4308508.0,FREDERICO WESTPHALEN,Noroeste Rio-grandense,32627.0,8846,2462,6778.1285438440555,1886.474392374414
4321105.0,TAPES,Metropolitana de Porto Alegre,14695.0,3983,1303,6776.114324600205,2216.7403878870364
4311403.0,LAJEADO,Centro Oriental Rio-grandense,93646.0,25378,8066,6774.98238045405,2153.3220852999593
4302352.0,BOM PRINCIPIO,Metropolitana de Porto Alegre,13142.0,3556,945,6764.571602495816,1797.6715872774312
4308805.0,GENERAL CAMARA,Metropolitana de Porto Alegre,7612.0,2057,802,6755.780346820809,2633.998949027851
4307500.0,ESPUMOSO,Noroeste Rio-grandense,15173.0,4097,1044,6750.477822447769,1720.1608119686286
4311809.0,MARAU,Noroeste Rio-grandense,45124.0,12160,3344,6736.991401471501,1852.6726354046625
4319406.0,SAO PEDRO DO SUL,Centro Ocidental Rio-grandense,15577.0,4193,1334,6729.472940874366,2140.977081594659
4312658.0,NAO ME TOQUE,Noroeste Rio-grandense,17898.0,4784,1152,6682.310872723208,1609.1183372443847
4314209.0,PEDRO OSORIO,Sudeste Rio-grandense,7484.0,1995,539,6664.216996258686,1800.5077498663816
4317806.0,SANTO AUGUSTO,Noroeste Rio-grandense,13902.0,3695,1108,6644.727377355776,1992.519062005467
4314407.0,PELOTAS,Sudeste Rio-grandense,325685.0,86218,28533,6618.2047070021645,2190.2298232955154
4315701.0,RIO PARDO,Centro Oriental Rio-grandense,34654.0,9153,3067,6603.133837363652,2212.5872915103596
4318002.0,SAO BORJA,Sudoeste Rio-grandense,59676.0,15736,4243,6592.264897111067,1777.5152490113278
4322400.0,URUGUAIANA,Sudoeste Rio-grandense,117210.0,30897,10579,6590.094701817251,2256.4201006740036
4303509.0,CAMAQUA,Metropolitana de Porto Alegre,62200.0,16383,5368,6584.807073954983,2157.556270096463
4319604.0,SAO SEPE,Centro Ocidental Rio-grandense,21219.0,5583,1735,6577.8311890287005,2044.1585371600925
4321469.0,TIO HUGO,Noroeste Rio-grandense,3267.0,853,232,6527.395163758801,1775.329048056321
4318432.0,SAO JOAO DO POLESINE,Centro Ocidental Rio-grandense,2649.0,690,165,6511.891279728199,1557.1913929784826
4301552.0,AUREA,Noroeste Rio-grandense,3396.0,880,192,6478.209658421672,1413.4275618374559
4323101.0,VICENTE DUTRA,Noroeste Rio-grandense,4665.0,1208,269,6473.74062165059,1441.5862808145766
4305108.0,CAXIAS DO SUL,Nordeste Rio-grandense,463501.0,119613,38252,6451.604203658676,2063.2102196111764
4320909.0,TAPEJARA,Noroeste Rio-grandense,24557.0,6325,1936,6439.100867369793,1970.9247872297105
4306007.0,CRISSIUMAL,Noroeste Rio-grandense,12886.0,3317,699,6435.278596926898,1356.1229241036783
4309209.0,GRAVATAI,Metropolitana de Porto Alegre,265074.0,68151,21326,6427.544761085584,2011.3251393950368
4301909.0,BARRA DO RIBEIRO,Metropolitana de Porto Alegre,12225.0,3142,957,6425.357873210634,1957.0552147239264
4318408.0,SAO JERONIMO,Metropolitana de Porto Alegre,21028.0,5388,1969,6405.744721323948,2340.9263838691268
4301875.0,BARRA DO QUARAI,Sudoeste Rio-grandense,4241.0,1086,349,6401.79203018156,2057.297807120962
4311775.0,MAQUINE,Metropolitana de Porto Alegre,7418.0,1893,530,6379.751954704772,1786.195740091669
4311908.0,MARCELINO RAMOS,Noroeste Rio-grandense,4320.0,1101,251,6371.527777777777,1452.5462962962963
4313805.0,PALMITINHO,Noroeste Rio-grandense,7839.0,1995,404,6362.418675851511,1288.4296466386018
4306957.0,ENTRE RIOS DO SUL,Noroeste Rio-grandense,2685.0,682,160,6350.0931098696465,1489.7579143389198
4310603.0,ITAQUI,Sudoeste Rio-grandense,35768.0,9072,2877,6340.863341534332,2010.8756430328785
4319901.0,SAPIRANGA,Metropolitana de Porto Alegre,75648.0,19148,6285,6327.992808798646,2077.0542512690354
4320107.0,SARANDI,Noroeste Rio-grandense,22851.0,5769,1850,6311.539976368649,2023.9814450133474
4302006.0,BARROS CASSAL,Noroeste Rio-grandense,9296.0,2345,704,6306.475903614457,1893.2874354561102
4315073.0,PORTO VERA CRUZ,Noroeste Rio-grandense,1560.0,393,72,6298.076923076923,1153.8461538461538
4309951.0,IBIRAPUITA,Noroeste Rio-grandense,3723.0,937,193,6291.968842331454,1295.9978511952725
4310538.0,ITAARA,Centro Ocidental Rio-grandense,5572.0,1402,353,6290.380473797559,1583.8119167264897
4303905.0,CAMPO BOM,Metropolitana de Porto Alegre,62886.0,15817,5163,6287.965524918106,2052.5236141589544
4311759.0,MANOEL VIANA,Sudoeste Rio-grandense,6801.0,1708,406,6278.488457579767,1492.4275841787971
4323200.0,VICTOR GRAEFF,Noroeste Rio-grandense,2780.0,697,144,6267.985611510791,1294.9640287769785
4302709.0,BUTIA,Metropolitana de Porto Alegre,19084.0,4761,1581,6236.900020959966,2071.1066862293023
4307054.0,ERNESTINA,Noroeste Rio-grandense,3034.0,756,195,6229.4001318391565,1606.7897165458141
4316436.0,SALDANHA MARINHO,Noroeste Rio-grandense,2575.0,640,149,6213.592233009708,1446.6019417475727
4303202.0,CACIQUE DOBLE,Noroeste Rio-grandense,4603.0,1144,379,6213.339126656529,2058.4401477297415
4312609.0,MUCUM,Centro Oriental Rio-grandense,4601.0,1139,340,6188.871984351228,1847.424472940665
4316402.0,ROSARIO DO SUL,Sudoeste Rio-grandense,36630.0,9045,2665,6173.218673218673,1818.8643188643189
4301800.0,BARRACAO,Noroeste Rio-grandense,4831.0,1191,319,6163.3202235562,1650.7969364520802
4315131.0,POUSO NOVO,Centro Oriental Rio-grandense,1739.0,428,106,6152.961472110408,1523.8642898217367
4312617.0,MUITOS CAPOES,Nordeste Rio-grandense,2879.0,708,196,6147.968044459882,1701.9798541160126
4314076.0,PASSO DO SOBRADO,Centro Oriental Rio-grandense,6025.0,1481,448,6145.2282157676345,1858.9211618257264
4302600.0,BRAGA,Noroeste Rio-grandense,3268.0,798,203,6104.6511627906975,1552.9375764993881
4312757.0,NOVA ALVORADA,Nordeste Rio-grandense,3163.0,766,163,6054.378754347139,1288.3338602592476
4308300.0,FONTOURA XAVIER,Noroeste Rio-grandense,9550.0,2311,576,6049.738219895287,1507.8534031413612
4301305.0,ARROIO GRANDE,Sudeste Rio-grandense,17558.0,4241,1219,6038.557922314614,1735.6760451076432
4303004.0,CACHOEIRA DO SUL,Centro Oriental Rio-grandense,80070.0,19329,6423,6035.031847133758,2005.4327463469465
4313102.0,NOVA PALMA,Centro Ocidental Rio-grandense,5586.0,1348,308,6032.9394915861085,1378.4461152882204
4309506.0,GUARANI DAS MISSOES,Noroeste Rio-grandense,7415.0,1784,455,6014.834794335806,1534.0525960890086
4322608.0,VENANCIO AIRES,Centro Oriental Rio-grandense,68763.0,16412,6356,5966.871718802263,2310.8357692363625
4314050.0,PAROBE,Metropolitana de Porto Alegre,52058.0,12399,3784,5954.4162280533255,1817.203887971109
4307807.0,ESTRELA,Centro Oriental Rio-grandense,32183.0,7599,2411,5902.961190690738,1872.8831992045489
4323507.0,VISTA ALEGRE,Noroeste Rio-grandense,2660.0,628,92,5902.255639097744,864.6616541353384
4300307.0,ALECRIM,Noroeste Rio-grandense,6123.0,1444,259,5895.802711089335,1057.4881593989874
4304200.0,CANDELARIA,Centro Oriental Rio-grandense,28906.0,6803,2338,5883.726561959455,2022.0715422403655
4308607.0,GARIBALDI,Nordeste Rio-grandense,34335.0,8080,1871,5883.209552934323,1362.3125091015
4313300.0,NOVA PRATA,Nordeste Rio-grandense,25692.0,6014,1612,5852.0161918106805,1568.5816596605946
4302402.0,BOM RETIRO DO SUL,Centro Oriental Rio-grandense,12294.0,2869,756,5834.1467382463,1537.3352855051246
4307609.0,ESTANCIA VELHA,Metropolitana de Porto Alegre,47924.0,11182,3180,5833.194224188298,1658.8765545446956
4321451.0,TEUTONIA,Centro Oriental Rio-grandense,32797.0,7636,1967,5820.654328139769,1499.374942830137
4307104.0,HERVAL,Sudeste Rio-grandense,6191.0,1441,454,5818.93070586335,1833.306412534324
4321477.0,TIRADENTES DO SUL,Noroeste Rio-grandense,5129.0,1191,233,5805.225190095535,1135.6989666601676
4313953.0,PANTANO GRANDE,Centro Oriental Rio-grandense,10212.0,2368,685,5797.101449275362,1676.9486878182531
4319109.0,SAO MARTINHO,Noroeste Rio-grandense,5481.0,1268,275,5783.616128443715,1254.333150884875
4318101.0,SAO FRANCISCO DE ASSIS,Sudoeste Rio-grandense,17618.0,4075,900,5782.438415257123,1277.102962878874
4306601.0,DOM PEDRITO,Sudoeste Rio-grandense,36981.0,8553,3093,5782.0232011032695,2090.9385900868015
4316501.0,SALVADOR DO SUL,Metropolitana de Porto Alegre,6879.0,1587,413,5767.553423462712,1500.944904782672
4319208.0,SAO NICOLAU,Noroeste Rio-grandense,5118.0,1180,265,5763.970300898789,1294.4509574052365
4312252.0,MINAS DO LEAO,Metropolitana de Porto Alegre,7505.0,1727,560,5752.831445702865,1865.4230512991337
4304903.0,CASCA,Noroeste Rio-grandense,9465.0,2178,663,5752.7733755942945,1751.188589540412
4314464.0,PINHAL DA SERRA,Nordeste Rio-grandense,2248.0,516,134,5738.4341637010675,1490.2135231316727
4322202.0,TUPANCIRETA,Centro Ocidental Rio-grandense,20005.0,4575,1409,5717.320669832541,1760.8097975506123
4316972.0,SANTA MARGARIDA DO SUL,Sudoeste Rio-grandense,2596.0,592,162,5701.078582434515,1560.0924499229584
4317608.0,SANTO ANTONIO DA PATRULHA,Metropolitana de Porto Alegre,42947.0,9784,2867,5695.39199478427,1668.9175029687756
4314779.0,PONTAO,Noroeste Rio-grandense,3296.0,750,183,5688.71359223301,1388.0461165048544
4320651.0,SILVEIRA MARTINS,Centro Ocidental Rio-grandense,2028.0,461,148,5682.938856015779,1824.457593688363
4316006.0,ROLANTE,Metropolitana de Porto Alegre,21253.0,4830,1129,5681.550839881429,1328.0478050157624
4310553.0,ITACURUBI,Centro Ocidental Rio-grandense,2995.0,680,206,5676.126878130217,1719.5325542570952
4322004.0,TRIUNFO,Metropolitana de Porto Alegre,27498.0,6241,1921,5674.049021747036,1746.4906538657358
4305900.0,CORONEL BICACO,Noroeste Rio-grandense,6144.0,1393,433,5668.131510416666,1761.8815104166667
4305405.0,CHIAPETTA,Noroeste Rio-grandense,3913.0,887,212,5667.007411193458,1354.4594939943777
4306908.0,ENCRUZILHADA DO SUL,Sudeste Rio-grandense,23819.0,5389,1538,5656.19883286452,1614.2575255048491
4320230.0,SEDE NOVA,Noroeste Rio-grandense,2704.0,611,132,5649.038461538462,1220.414201183432
4311601.0,LIBERATO SALZANO,Noroeste Rio-grandense,4781.0,1079,176,5642.125078435474,920.3095586697343
4307203.0,ERVAL GRANDE,Noroeste Rio-grandense,4930.0,1112,270,5638.94523326572,1369.1683569979716
4323408.0,VILA MARIA,Noroeste Rio-grandense,4413.0,994,299,5631.089961477453,1693.85905279855
4302501.0,BOSSOROCA,Noroeste Rio-grandense,5890.0,1324,375,5619.6943972835315,1591.6808149405774
4319703.0,SAO VALENTIM,Noroeste Rio-grandense,3264.0,732,159,5606.617647058823,1217.8308823529412
4302154.0,BOA VISTA DAS MISSOES,Noroeste Rio-grandense,1933.0,433,114,5600.103466114848,1474.3921365752717
4304952.0,CASEIROS,Noroeste Rio-grandense,3000.0,671,202,5591.666666666667,1683.3333333333333
4302808.0,CACAPAVA DO SUL,Sudeste Rio-grandense,32515.0,7272,2371,5591.265569737045,1823.0047670306012
4314506.0,PINHEIRO MACHADO,Sudeste Rio-grandense,11214.0,2507,771,5588.9958979846615,1718.8336008560727
4308201.0,FLORES DA CUNHA,Nordeste Rio-grandense,30892.0,6895,1832,5579.923604816781,1482.5844878933058
4320578.0,SETE DE SETEMBRO,Noroeste Rio-grandense,1830.0,407,104,5560.109289617486,1420.7650273224044
4314605.0,PIRATINI,Sudeste Rio-grandense,17504.0,3891,1237,5557.301188299817,1766.7390310786107
4305504.0,CIRIACO,Noroeste Rio-grandense,4149.0,921,248,5549.530007230658,1494.3359845745963
4310009.0,IBIRUBA,Noroeste Rio-grandense,21583.0,4767,1327,5521.706898948246,1537.0893758976974
4303806.0,CAMPINAS DO SUL,Noroeste Rio-grandense,5284.0,1167,342,5521.385314155942,1618.0923542770627
4309001.0,GIRUA,Noroeste Rio-grandense,16013.0,3527,1056,5506.463498407544,1648.6604633735092
4308102.0,FELIZ,Metropolitana de Porto Alegre,13764.0,3031,766,5505.303690787561,1391.3106655042138
4305801.0,CONSTANTINA,Noroeste Rio-grandense,10385.0,2285,576,5500.722195474242,1386.615310544054
4302378.0,BOM PROGRESSO,Noroeste Rio-grandense,2096.0,461,102,5498.5687022900765,1216.6030534351144
4305702.0,CONDOR,Noroeste Rio-grandense,6406.0,1408,362,5494.848579456759,1412.7380580705587
4314001.0,PARAI,Nordeste Rio-grandense,7194.0,1578,313,5483.736447039199,1087.711982207395
4302238.0,BOA VISTA DO INCRA,Noroeste Rio-grandense,2271.0,498,129,5482.16644649934,1420.0792602377808
4300802.0,ANTONIO PRADO,Nordeste Rio-grandense,13045.0,2852,733,5465.695668838635,1404.7527788424684
4318507.0,SAO JOSE DO NORTE,Sudeste Rio-grandense,25443.0,5562,2074,5465.157410682703,2037.8886137641002
4306403.0,DOIS IRMAOS,Metropolitana de Porto Alegre,30709.0,6709,1465,5461.753883226415,1192.6471067113876
4310900.0,JACUTINGA,Noroeste Rio-grandense,3338.0,729,195,5459.8562013181545,1460.4553624925104
4309605.0,HORIZONTINA,Noroeste Rio-grandense,18851.0,4099,1299,5436.05113787067,1722.7202800912416
4319000.0,SAO MARCOS,Nordeste Rio-grandense,21084.0,4579,981,5429.472585847088,1163.2043255549231
4315909.0,RODEIO BONITO,Noroeste Rio-grandense,6654.0,1444,299,5425.308085362189,1123.3844304177937
4313904.0,PANAMBI,Noroeste Rio-grandense,43515.0,9413,2590,5407.905320004596,1487.9926462139492
4317707.0,SANTO ANTONIO DAS MISSOES,Noroeste Rio-grandense,10300.0,2228,651,5407.766990291262,1580.097087378641
4309704.0,HUMAITA,Noroeste Rio-grandense,4681.0,1012,220,5404.828028199103,1174.962614825892
4300471.0,ALMIRANTE TAMANDARE DO SUL,Noroeste Rio-grandense,1969.0,425,101,5396.140172676485,1282.3768410360587
4303608.0,CAMBARA DO SUL,Nordeste Rio-grandense,6361.0,1369,283,5380.443326520987,1112.246502122308
4306379.0,DILERMANDO DE AGUIAR,Centro Ocidental Rio-grandense,2806.0,603,204,5372.4162508909485,1817.533856022808
4307559.0,ESTACAO,Noroeste Rio-grandense,5582.0,1199,314,5369.939089931924,1406.3059835184522
4300109.0,AGUDO,Centro Ocidental Rio-grandense,16041.0,3438,859,5358.144754067702,1338.7569353531576
4317004.0,SANTANA DA BOA VISTA,Sudeste Rio-grandense,7024.0,1503,481,5349.515945330296,1711.9874715261958
4315800.0,ROCA SALES,Centro Oriental Rio-grandense,10418.0,2229,687,5348.9153388366285,1648.588980610482
4310702.0,ITATIBA DO SUL,Noroeste Rio-grandense,3208.0,686,169,5346.009975062344,1317.0199501246882
4306072.0,CRISTAL DO SUL,Noroeste Rio-grandense,2692.0,575,107,5339.895988112927,993.6849925705794
4313060.0,NOVA HARTZ,Metropolitana de Porto Alegre,20088.0,4281,1060,5327.807646356034,1319.1955396256471
4321303.0,TAQUARI,Centro Oriental Rio-grandense,25198.0,5325,1745,5283.157393443924,1731.28819747599
4312674.0,NICOLAU VERGUEIRO,Noroeste Rio-grandense,1932.0,408,107,5279.503105590063,1384.575569358178
4306759.0,DOUTOR RICARDO,Centro Oriental Rio-grandense,1888.0,398,96,5270.127118644067,1271.1864406779662
4320503.0,SERTAO,Noroeste Rio-grandense,5541.0,1165,267,5256.271431149612,1204.656199242014
4315107.0,PORTO XAVIER,Noroeste Rio-grandense,9938.0,2089,528,5255.081505333065,1328.2350573556048
4306056.0,CRISTAL,Sudeste Rio-grandense,7299.0,1533,445,5250.719276613235,1524.1813947116043
4322707.0,VERA CRUZ,Centro Oriental Rio-grandense,26710.0,5607,1410,5248.034444028453,1319.730438038188
4322350.0,UNIAO DA SERRA,Nordeste Rio-grandense,1170.0,245,45,5235.042735042735,961.5384615384615
4307831.0,EUGENIO DE CASTRO,Noroeste Rio-grandense,2633.0,551,111,5231.674895556399,1053.9308773262437
4320404.0,SERAFINA CORREA,Nordeste Rio-grandense,16961.0,3544,957,5223.7485997287895,1410.5889982901951
4301206.0,ARROIO DO TIGRE,Centro Oriental Rio-grandense,12058.0,2515,654,5214.380494277658,1355.946259744568
4321956.0,TRINDADE DO SUL,Noroeste Rio-grandense,7556.0,1574,559,5207.781895182637,1849.5235574377978
4307302.0,ERVAL SECO,Noroeste Rio-grandense,6787.0,1411,303,5197.436275232061,1116.1043170767643
4315503.0,RESTINGA SECA,Centro Ocidental Rio-grandense,14939.0,3102,942,5191.110516098802,1576.4107369971216
4312500.0,MOSTARDAS,Metropolitana de Porto Alegre,12090.0,2509,915,5188.1720430107525,1892.059553349876
4313201.0,NOVA PETROPOLIS,Metropolitana de Porto Alegre,23300.0,4808,997,5158.798283261803,1069.7424892703864
4321667.0,TRES CACHOEIRAS,Metropolitana de Porto Alegre,10962.0,2257,539,5147.3271300857505,1229.2464878671776
4313441.0,NOVO TIRADENTES,Noroeste Rio-grandense,2146.0,441,100,5137.465051258155,1164.9580615097857
4300455.0,ALEGRIA,Noroeste Rio-grandense,3651.0,750,160,5135.579293344289,1095.5902492467817
4301008.0,ARROIO DO MEIO,Centro Oriental Rio-grandense,21958.0,4509,1431,5133.664268148283,1629.246743783587
4312708.0,NONOAI,Noroeste Rio-grandense,13719.0,2797,851,5096.945841533639,1550.7690064873534
4305157.0,CERRO GRANDE,Noroeste Rio-grandense,2379.0,483,130,5075.662042875158,1366.120218579235
4315313.0,QUATRO IRMAOS,Noroeste Rio-grandense,1552.0,315,100,5074.09793814433,1610.824742268041
4311106.0,JAGUARI,Centro Ocidental Rio-grandense,10579.0,2139,675,5054.825597882598,1595.141317704887
4310652.0,ITATI,Metropolitana de Porto Alegre,2638.0,531,113,5032.221379833207,1070.8870356330553
4310413.0,INHACORA,Noroeste Rio-grandense,2014.0,405,98,5027.308838133068,1216.4846077457796
4316733.0,SANTA CECILIA DO SUL,Noroeste Rio-grandense,1674.0,335,122,5002.986857825567,1821.9832735961768
4306320.0,DERRUBADAS,Noroeste Rio-grandense,2751.0,550,112,4998.18247909851,1017.8117048346056
4300877.0,ARARICA,Metropolitana de Porto Alegre,8525.0,1704,538,4997.067448680352,1577.7126099706745
4302220.0,BOA VISTA DO CADEADO,Noroeste Rio-grandense,2229.0,445,128,4991.0273665320765,1435.6213548676535
4309050.0,GLORINHA,Metropolitana de Porto Alegre,7658.0,1528,507,4988.247584225646,1655.1318882214678
4305207.0,CERRO LARGO,Noroeste Rio-grandense,13705.0,2733,672,4985.406785844582,1225.8299890550893
4304689.0,CAPELA DE SANTANA,Metropolitana de Porto Alegre,11159.0,2222,619,4978.044627654807,1386.77300833408
4322806.0,VERANOPOLIS,Nordeste Rio-grandense,24021.0,4775,1330,4969.609924649265,1384.2054868656592
4306502.0,DOM FELICIANO,Metropolitana de Porto Alegre,13051.0,2584,757,4949.812274921462,1450.0804536050878
4301404.0,ARVOREZINHA,Nordeste Rio-grandense,10322.0,2043,484,4948.1689595039725,1172.2534392559583
4318606.0,SAO JOSE DO OURO,Noroeste Rio-grandense,6834.0,1350,287,4938.542581211589,1049.897570968686
4315404.0,REDENTORA,Noroeste Rio-grandense,9738.0,1923,560,4936.845348120764,1437.6668720476484
4314555.0,PIRAPO,Noroeste Rio-grandense,2260.0,444,101,4911.504424778761,1117.2566371681417
4314035.0,PARECI NOVO,Metropolitana de Porto Alegre,4319.0,847,177,4902.755267423015,1024.5427182218107
4310405.0,INDEPENDENCIA,Noroeste Rio-grandense,6427.0,1260,333,4901.19807063949,1295.3166329547223
4305009.0,CATUIPE,Noroeste Rio-grandense,8674.0,1697,413,4891.053723772193,1190.3389439704865
4312385.0,MONTE BELO DO SUL,Nordeste Rio-grandense,2557.0,499,111,4878.764176769651,1085.2561595619868
4308458.0,FORTALEZA DOS VALOS,Noroeste Rio-grandense,4477.0,872,229,4869.332142059415,1278.758096939915
4316105.0,RONDA ALTA,Noroeste Rio-grandense,9777.0,1896,530,4848.112918073029,1355.2214380689372
4301701.0,BARAO DE COTEGIPE,Noroeste Rio-grandense,7144.0,1385,322,4846.724524076148,1126.8197088465845
4304804.0,CARLOS BARBOSA,Nordeste Rio-grandense,30420.0,5894,1153,4843.852728468113,947.5673898750822
4323705.0,VISTA GAUCHA,Noroeste Rio-grandense,2783.0,539,99,4841.897233201581,889.3280632411067
4310306.0,ILOPOLIS,Nordeste Rio-grandense,4157.0,805,241,4841.231657445273,1449.3625210488333
4306932.0,ENTRE IJUIS,Noroeste Rio-grandense,9158.0,1772,535,4837.300720681372,1460.471718715877
4300505.0,ALPESTRE,Noroeste Rio-grandense,7117.0,1377,353,4837.009976113531,1239.9887593086976
4304358.0,CANDIOTA,Sudeste Rio-grandense,10710.0,2069,642,4829.598506069095,1498.5994397759105
4318465.0,SAO JOSE DO HERVAL,Noroeste Rio-grandense,1902.0,367,98,4823.869610935857,1288.117770767613
4317756.0,SANTO ANTONIO DO PLANALTO,Noroeste Rio-grandense,2089.0,403,120,4822.881761608425,1436.0938247965535
4311981.0,MARIANA PIMENTEL,Metropolitana de Porto Alegre,3916.0,755,231,4819.96935648621,1474.7191011235955
4317251.0,SANTA TEREZA,Nordeste Rio-grandense,1505.0,289,83,4800.664451827242,1378.7375415282393
4312906.0,NOVA BASSANO,Nordeste Rio-grandense,9649.0,1852,466,4798.424707223546,1207.379003005493
4311502.0,LAVRAS DO SUL,Sudoeste Rio-grandense,7157.0,1372,429,4792.510828559452,1498.5329048484002
4314456.0,PINHAL,Noroeste Rio-grandense,2959.0,567,146,4790.469753295032,1233.5248394727948
4302659.0,BROCHIER,Metropolitana de Porto Alegre,4966.0,950,203,4782.521143777688,1021.9492549335482
4304101.0,CAMPOS BORGES,Noroeste Rio-grandense,3613.0,691,184,4781.345142540825,1273.1801826736785
4321808.0,TRES DE MAIO,Noroeste Rio-grandense,24916.0,4762,1260,4778.0542623214,1264.2478728527853
4313359.0,NOVA ROMA DO SUL,Nordeste Rio-grandense,3466.0,662,146,4774.956722446625,1053.0871321407963
4304853.0,CARLOS GOMES,Noroeste Rio-grandense,1368.0,261,63,4769.736842105263,1151.3157894736842
4310751.0,IVORA,Centro Ocidental Rio-grandense,1929.0,368,73,4769.310523587351,946.0860549507518
4312377.0,MONTE ALEGRE DOS CAMPOS,Nordeste Rio-grandense,3180.0,605,143,4756.289308176101,1124.2138364779873
4320354.0,SENTINELA DO SUL,Metropolitana de Porto Alegre,5306.0,1006,320,4739.917075009424,1507.7271013946477
4310801.0,IVOTI,Metropolitana de Porto Alegre,22983.0,4357,966,4739.372579732846,1050.776661010312
4319752.0,SAO VENDELINO,Metropolitana de Porto Alegre,2251.0,426,89,4731.230564193692,988.4495779653488
4305959.0,COTIPORA,Nordeste Rio-grandense,3846.0,727,202,4725.689027561102,1313.052522100884
4308854.0,GENTIL,Noroeste Rio-grandense,1744.0,329,98,4716.1697247706425,1404.816513761468
4301750.0,BARAO DO TRIUNFO,Metropolitana de Porto Alegre,5889.0,1108,272,4703.684836135167,1154.6951944302937
4313037.0,NOVA ESPERANCA DO SUL,Centro Ocidental Rio-grandense,4865.0,914,191,4696.813977389517,981.5005138746146
4302451.0,BOQUEIRAO DO LEAO,Centro Oriental Rio-grandense,6247.0,1172,310,4690.2513206339045,1240.5954858332
4309803.0,IBIACA,Noroeste Rio-grandense,4527.0,847,213,4677.49061188425,1176.2756792577866
4315156.0,PROGRESSO,Centro Oriental Rio-grandense,5340.0,997,302,4667.602996254682,1413.8576779026216
4319711.0,SAO VALENTIM DO SUL,Nordeste Rio-grandense,2207.0,412,105,4666.968735840508,1189.3973719981877
4311155.0,JOIA,Noroeste Rio-grandense,7184.0,1335,322,4645.740534521158,1120.5456570155902
4309753.0,IBARAMA,Centro Oriental Rio-grandense,3732.0,693,170,4642.282958199357,1138.7995712754555
4308052.0,FAXINALZINHO,Noroeste Rio-grandense,2520.0,467,105,4632.936507936508,1041.6666666666665
4301651.0,BARAO,Metropolitana de Porto Alegre,6461.0,1197,200,4631.635969664138,773.874013310633
4320602.0,SEVERIANO DE ALMEIDA,Noroeste Rio-grandense,3406.0,628,172,4609.512624779801,1262.477980035232
4304655.0,CAPAO DO CIPO,Centro Ocidental Rio-grandense,3119.0,575,143,4608.848990060917,1146.2007053542802
4314472.0,PINHAL GRANDE,Centro Ocidental Rio-grandense,3805.0,701,154,4605.781865965834,1011.826544021025
4307450.0,ESPERANCA DO SUL,Noroeste Rio-grandense,3226.0,592,87,4587.724736515809,674.2095474271543
4322558.0,VANINI,Noroeste Rio-grandense,2004.0,367,89,4578.343313373253,1110.2794411177645
4315321.0,QUEVEDOS,Centro Ocidental Rio-grandense,2507.0,458,128,4567.211806940567,1276.4260071798963
4304663.0,CAPAO DO LEAO,Sudeste Rio-grandense,26487.0,4835,1187,4563.559482010042,1120.3609317778532
4322376.0,UNISTALDA,Centro Ocidental Rio-grandense,1995.0,364,78,4561.40350877193,977.4436090225564
4312005.0,MARIANO MORO,Noroeste Rio-grandense,1858.0,339,100,4561.356297093649,1345.5328310010764
4300208.0,AJURICABA,Noroeste Rio-grandense,6720.0,1224,292,4553.571428571428,1086.3095238095239
4311270.0,LAGOA DOS TRES CANTOS,Noroeste Rio-grandense,1738.0,316,45,4545.454545454546,647.2957422324511
4321329.0,TAQUARUCU DO SUL,Noroeste Rio-grandense,3119.0,565,117,4528.695094581597,937.8005771080474
4315750.0,RIOZINHO,Metropolitana de Porto Alegre,4473.0,807,169,4510.395707578807,944.5562262463671
4322525.0,VALE VERDE,Metropolitana de Porto Alegre,3150.0,566,182,4492.063492063492,1444.4444444444443
4316600.0,SANANDUVA,Noroeste Rio-grandense,16399.0,2945,828,4489.603024574669,1262.272089761571
4318804.0,SAO LOURENCO DO SUL,Sudeste Rio-grandense,41989.0,7537,2708,4487.48481745219,1612.3270380337708
4313391.0,NOVO CABRAIS,Centro Oriental Rio-grandense,3568.0,639,151,4477.298206278027,1058.0156950672645
4320305.0,SELBACH,Noroeste Rio-grandense,5107.0,910,221,4454.670060700999,1081.8484433130996
4321352.0,TAVARES,Metropolitana de Porto Alegre,5212.0,926,330,4441.673062164236,1582.8856485034535
4310850.0,JABOTICABA,Noroeste Rio-grandense,3779.0,669,151,4425.7740142894945,998.9415189203493
4305173.0,CERRO GRANDE DO SUL,Metropolitana de Porto Alegre,9178.0,1623,405,4420.897799084768,1103.1815210285465
4306551.0,DOM PEDRO DE ALCANTARA,Metropolitana de Porto Alegre,2562.0,452,93,4410.616705698673,907.4941451990632
4322301.0,TUPARENDI,Noroeste Rio-grandense,8363.0,1469,319,4391.366734425445,953.6051656104269
4322855.0,VESPASIANO CORREA,Centro Oriental Rio-grandense,1818.0,319,67,4386.6886688668865,921.3421342134212
4300034.0,ACEGUA,Sudoeste Rio-grandense,4170.0,731,185,4382.494004796163,1109.1127098321344
4322103.0,TUCUNDUVA,Noroeste Rio-grandense,5542.0,971,297,4380.18765788524,1339.7690364489354
4303301.0,CAIBATE,Noroeste Rio-grandense,4704.0,823,151,4373.937074829932,802.5085034013606
4312807.0,NOVA ARACA,Nordeste Rio-grandense,4954.0,866,275,4370.205894226888,1387.7674606378685
4317558.0,SANTO ANTONIO DO PALMA,Noroeste Rio-grandense,2091.0,365,97,4363.940698230512,1159.7321855571497
4314159.0,PAVERAMA,Centro Oriental Rio-grandense,7978.0,1388,385,4349.461017798947,1206.4427174730508
4303558.0,CAMARGO,Noroeste Rio-grandense,2981.0,518,148,4344.179805434418,1241.1942301241195
4317954.0,SANTO EXPEDITO DO SUL,Noroeste Rio-grandense,2349.0,407,89,4331.6304810557685,947.2115793954874
4306734.0,DOUTOR MAURICIO CARDOSO,Noroeste Rio-grandense,4470.0,772,198,4317.673378076062,1107.3825503355706
4309902.0,IBIRAIARAS,Noroeste Rio-grandense,6776.0,1169,282,4313.01652892562,1040.4368358913814
4316303.0,ROQUE GONZALES,Noroeste Rio-grandense,6576.0,1129,254,4292.122871046228,965.6326034063261
4305124.0,CERRITO,Sudeste Rio-grandense,5808.0,997,294,4291.494490358127,1265.495867768595
4314134.0,PAULO BENTO,Noroeste Rio-grandense,2144.0,368,93,4291.044776119403,1084.4216417910447
4309159.0,GRAMADO XAVIER,Centro Oriental Rio-grandense,3304.0,566,151,4282.687651331719,1142.554479418886
4300059.0,AGUA SANTA,Noroeste Rio-grandense,3912.0,662,172,4230.572597137015,1099.1820040899795
4312450.0,MORRO REDONDO,Sudeste Rio-grandense,6046.0,1023,303,4230.069467416473,1252.8944756864041
4319307.0,SAO PAULO DAS MISSOES,Noroeste Rio-grandense,5846.0,987,177,4220.834758809442,756.9278138898393
4314027.0,PARAISO DO SUL,Centro Oriental Rio-grandense,6519.0,1098,287,4210.768522779567,1100.62893081761
4306205.0,CRUZEIRO DO SUL,Centro Oriental Rio-grandense,11600.0,1946,611,4193.9655172413795,1316.810344827586
4322533.0,VALE DO SOL,Centro Oriental Rio-grandense,9897.0,1660,457,4193.189855511771,1154.390219258361
4318622.0,SAO JOSE DOS AUSENTES,Nordeste Rio-grandense,4172.0,695,234,4164.669223394056,1402.2051773729627
4320859.0,TABAI,Centro Oriental Rio-grandense,4461.0,741,210,4152.656355077337,1176.8661735036987
4305587.0,COLINAS,Centro Oriental Rio-grandense,2423.0,402,104,4147.75072224515,1073.0499380932727
4314175.0,PEDRAS ALTAS,Sudeste Rio-grandense,2061.0,341,150,4136.341581756429,1819.5050946142649
4305603.0,COLORADO,Noroeste Rio-grandense,3258.0,538,165,4128.29957028852,1266.1141804788215
4303707.0,CAMPINA DAS MISSOES,Noroeste Rio-grandense,5882.0,971,169,4126.997619857191,718.2930975858552
4300901.0,ARATIBA,Noroeste Rio-grandense,6483.0,1069,256,4122.3199136202375,987.1972852074657
4306452.0,DOIS LAJEADOS,Nordeste Rio-grandense,3097.0,510,124,4116.887310300291,1000.9686793671295
4314548.0,PINTO BANDEIRA,Nordeste Rio-grandense,2723.0,448,130,4113.1105398457585,1193.5365405802424
4314423.0,PICADA CAFE,Metropolitana de Porto Alegre,5351.0,880,227,4111.3810502709775,1060.5494300130815
4310876.0,JACUIZINHO,Noroeste Rio-grandense,2040.0,332,89,4068.6274509803925,1090.6862745098038
4308250.0,FLORIANO PEIXOTO,Noroeste Rio-grandense,1668.0,271,50,4061.7505995203833,749.4004796163069
4318051.0,SAO DOMINGOS DO SUL,Noroeste Rio-grandense,2754.0,447,116,4057.734204793028,1053.0137981118373
4312153.0,MATO LEITAO,Centro Oriental Rio-grandense,4859.0,788,226,4054.3321671125746,1162.7906976744187
4315453.0,RELVADO,Centro Oriental Rio-grandense,1796.0,291,82,4050.668151447662,1141.425389755011
4311791.0,MARATA,Metropolitana de Porto Alegre,2470.0,400,80,4048.582995951417,809.7165991902834
4322152.0,TUNAS,Noroeste Rio-grandense,3681.0,596,123,4047.8130942678617,835.3708231458843
4312625.0,MULITERNO,Noroeste Rio-grandense,1721.0,278,87,4038.3497966298664,1263.800116211505
4322541.0,VALE REAL,Metropolitana de Porto Alegre,6058.0,978,215,4035.9854737537144,887.2565203037307
4302584.0,BOZANO,Noroeste Rio-grandense,2151.0,346,108,4021.38540213854,1255.2301255230125
4312054.0,MARQUES DE SOUZA,Centro Oriental Rio-grandense,3969.0,638,208,4018.6444948349713,1310.153691106072
4323606.0,VISTA ALEGRE DO PRATA,Nordeste Rio-grandense,1590.0,253,44,3977.9874213836474,691.8238993710692
4319356.0,SAO PEDRO DA SERRA,Metropolitana de Porto Alegre,3548.0,564,130,3974.069898534385,916.0090191657271
4306304.0,DAVID CANABARRO,Noroeste Rio-grandense,4321.0,684,160,3957.4172645221015,925.7116408238834
4321493.0,TOROPI,Centro Ocidental Rio-grandense,2554.0,404,112,3954.5810493343774,1096.319498825372
4313425.0,NOVO MACHADO,Noroeste Rio-grandense,3198.0,505,104,3947.7798624140087,813.0081300813009
4305850.0,COQUEIROS DO SUL,Noroeste Rio-grandense,2211.0,349,110,3946.1781999095433,1243.7810945273632
4300703.0,ANTA GORDA,Nordeste Rio-grandense,5957.0,938,238,3936.545240893067,998.82491186839
4315008.0,PORTO LUCENA,Noroeste Rio-grandense,4360.0,685,137,3927.7522935779816,785.5504587155964
4318481.0,SAO JOSE DO HORTENCIO,Metropolitana de Porto Alegre,4447.0,697,143,3918.371936136721,803.9127501686531
4322186.0,TUPANCI DO SUL,Noroeste Rio-grandense,1374.0,215,43,3911.93595342067,782.387190684134
4300570.0,ALTO FELIZ,Metropolitana de Porto Alegre,3072.0,479,108,3898.1119791666665,878.90625
4313086.0,NOVA PADUA,Nordeste Rio-grandense,2343.0,365,89,3894.579598804951,949.637217242851
4311643.0,LINHA NOVA,Metropolitana de Porto Alegre,1683.0,262,70,3891.859774212715,1039.8098633392751
4315149.0,PRESIDENTE LUCENA,Metropolitana de Porto Alegre,3077.0,479,142,3891.777705557361,1153.7211569710757
4316428.0,SAGRADA FAMILIA,Noroeste Rio-grandense,2480.0,386,103,3891.1290322580644,1038.3064516129032
4319158.0,SAO MIGUEL DAS MISSOES,Noroeste Rio-grandense,7056.0,1096,351,3883.219954648526,1243.6224489795918
4321857.0,TRES PALMEIRAS,Noroeste Rio-grandense,4716.0,732,190,3880.407124681934,1007.2094995759118
4323754.0,VITORIA DAS MISSOES,Noroeste Rio-grandense,3260.0,505,105,3872.699386503067,805.2147239263804
4309654.0,HULHA NEGRA,Sudoeste Rio-grandense,5976.0,924,288,3865.4618473895584,1204.8192771084339
4307815.0,ESTRELA VELHA,Centro Oriental Rio-grandense,3070.0,473,115,3851.7915309446253,936.4820846905538
4311429.0,LAJEADO DO BUGRE,Noroeste Rio-grandense,2601.0,397,84,3815.8400615148016,807.3817762399077
4304507.0,CANGUCU,Sudeste Rio-grandense,49680.0,7566,2164,3807.367149758454,1088.9694041867956
4302204.0,BOA VISTA DO BURICA,Noroeste Rio-grandense,6966.0,1058,266,3797.0140683318978,954.6368073499857
4311718.0,MACAMBARA,Sudoeste Rio-grandense,4425.0,671,201,3790.9604519774007,1135.593220338983
4319364.0,SAO PEDRO DAS MISSOES,Noroeste Rio-grandense,1757.0,266,68,3784.8605577689245,967.5583380762664
4317905.0,SANTO CRISTO,Noroeste Rio-grandense,15320.0,2318,397,3782.6370757180157,647.8459530026109
4312476.0,MORRO REUTER,Metropolitana de Porto Alegre,6029.0,912,206,3781.7216785536575,854.2046773926025
4301503.0,AUGUSTO PESTANA,Noroeste Rio-grandense,7149.0,1079,254,3773.2550006993984,888.2361169394321
4318457.0,SAO JOSE DAS MISSOES,Noroeste Rio-grandense,2362.0,356,86,3767.993226079593,910.2455546147332
4320552.0,SERTAO SANTANA,Metropolitana de Porto Alegre,5863.0,881,245,3756.6092444141227,1044.6870202967764
4314498.0,PINHEIRINHO DO VALE,Noroeste Rio-grandense,4540.0,677,139,3727.9735682819387,765.4185022026431
4322327.0,TURUCU,Sudeste Rio-grandense,3419.0,509,148,3721.848493711612,1082.1877742029833
4304309.0,CANDIDO GODOI,Noroeste Rio-grandense,6294.0,935,129,3713.8544645694315,512.3927550047664
4315172.0,PROTASIO ALVES,Nordeste Rio-grandense,2025.0,300,59,3703.7037037037035,728.395061728395
4306429.0,DOIS IRMAOS DAS MISSOES,Noroeste Rio-grandense,2090.0,309,72,3696.172248803828,861.2440191387559
4305116.0,CENTENARIO,Noroeste Rio-grandense,2721.0,402,70,3693.4950385887537,643.1459022418228
4321634.0,TRES ARROIOS,Noroeste Rio-grandense,2591.0,382,69,3685.8355847163257,665.7661134697029
4314068.0,PASSA SETE,Centro Oriental Rio-grandense,3983.0,584,177,3665.5787095154406,1110.9716294250566
4316758.0,SANTA CLARA DO SUL,Centro Oriental Rio-grandense,6887.0,1002,243,3637.2876433860897,882.0967039349498
4309571.0,HERVEIRAS,Centro Oriental Rio-grandense,2565.0,372,112,3625.7309941520466,1091.617933723197
4311627.0,LINDOLFO COLLOR,Metropolitana de Porto Alegre,6248.0,905,231,3621.158770806658,924.2957746478874
4310579.0,ITAPUCA,Nordeste Rio-grandense,1937.0,280,57,3613.8358286009293,735.6737222509036
4312427.0,MORMACO,Noroeste Rio-grandense,2756.0,398,101,3610.3047895500727,916.1828737300434
4322251.0,TUPANDI,Metropolitana de Porto Alegre,5029.0,726,137,3609.0674090276393,681.0499105189899
4314787.0,PONTE PRETA,Noroeste Rio-grandense,1575.0,227,51,3603.1746031746034,809.5238095238094
4309126.0,GRAMADO DOS LOUREIROS,Noroeste Rio-grandense,2014.0,287,82,3562.5620655412117,1017.8748758689176
4305306.0,CHAPADA,Noroeste Rio-grandense,9540.0,1357,253,3556.0796645702303,662.9979035639412
4316956.0,SANTA MARIA DO HERVAL,Metropolitana de Porto Alegre,6340.0,900,164,3548.895899053628,646.6876971608833
4308656.0,GARRUCHOS,Sudoeste Rio-grandense,2688.0,381,142,3543.526785714286,1320.6845238095239
4306924.0,ENGENHO VELHO,Noroeste Rio-grandense,1296.0,183,51,3530.092592592592,983.7962962962963
4304697.0,CAPITAO,Centro Oriental Rio-grandense,2921.0,411,135,3517.6309483053747,1155.4262238959261
4305447.0,CHUVISCA,Metropolitana de Porto Alegre,4597.0,644,214,3502.284098324995,1163.8024798781814
4321832.0,TRES FORQUILHAS,Metropolitana de Porto Alegre,2760.0,385,85,3487.3188405797105,769.9275362318841
4318614.0,SAO JOSE DO SUL,Metropolitana de Porto Alegre,2380.0,331,63,3476.8907563025214,661.7647058823529
4306130.0,CRUZALTENSE,Noroeste Rio-grandense,1635.0,224,69,3425.076452599388,1055.045871559633
4315206.0,PUTINGA,Nordeste Rio-grandense,3747.0,512,117,3416.066186282359,780.6244995996798
4309555.0,HARMONIA,Metropolitana de Porto Alegre,5378.0,725,158,3370.211974711789,734.4737820751209
4305871.0,CORONEL BARROS,Noroeste Rio-grandense,2822.0,380,109,3366.4068036853296,965.6272147413183
4315958.0,ROLADOR,Noroeste Rio-grandense,2291.0,307,68,3350.0654735923176,742.0340462680052
4320263.0,SEGREDO,Centro Oriental Rio-grandense,6009.0,805,245,3349.142952238309,1019.3043767681811
4320677.0,SINIMBU,Centro Oriental Rio-grandense,8578.0,1130,369,3293.308463511308,1075.4255071112148
4306353.0,DEZESSEIS DE NOVEMBRO,Noroeste Rio-grandense,2507.0,330,61,3290.78579976067,608.2967690466693
4311239.0,LAGOA BONITA DO SUL,Centro Oriental Rio-grandense,2251.0,296,69,3287.427809862283,766.3260772989782
4315552.0,RIO DOS INDIOS,Noroeste Rio-grandense,2835.0,370,116,3262.786596119929,1022.9276895943563
4301958.0,BARRA FUNDA,Noroeste Rio-grandense,2498.0,326,70,3262.610088070456,700.5604483586869
4311130.0,JARI,Centro Ocidental Rio-grandense,3349.0,437,142,3262.1678112869513,1060.01791579576
4313334.0,NOVA RAMADA,Noroeste Rio-grandense,2163.0,281,55,3247.8039759593157,635.6911696717522
4311734.0,MAMPITUBA,Metropolitana de Porto Alegre,3131.0,405,88,3233.791121047588,702.6509102523155
4313003.0,NOVA BRESCIA,Centro Oriental Rio-grandense,3044.0,392,88,3219.4480946123526,722.7332457293036
4310462.0,IPIRANGA DO SUL,Noroeste Rio-grandense,1720.0,219,50,3183.139534883721,726.7441860465116
4305835.0,COQUEIRO BAIXO,Centro Oriental Rio-grandense,1290.0,164,40,3178.294573643411,775.1937984496124
4320453.0,SERIO,Centro Oriental Rio-grandense,1941.0,246,87,3168.4698608964454,1120.5564142194744
4300638.0,AMARAL FERRADOR,Sudeste Rio-grandense,5310.0,670,182,3154.425612052731,856.8738229755179
4312351.0,MONTAURI,Nordeste Rio-grandense,1499.0,189,26,3152.1014009339556,433.6224149432955
4314753.0,POCO DAS ANTAS,Metropolitana de Porto Alegre,2171.0,272,66,3132.197144173192,760.0184246890833
4323770.0,WESTFALIA,Centro Oriental Rio-grandense,3098.0,388,76,3131.052291801162,613.2989025177534
4305132.0,CERRO BRANCO,Centro Oriental Rio-grandense,3802.0,470,115,3090.4786954234614,756.180957390847
4313490.0,NOVO BARREIRO,Noroeste Rio-grandense,4272.0,528,121,3089.887640449438,708.0992509363296
4300554.0,ALTO ALEGRE,Noroeste Rio-grandense,1800.0,221,47,3069.4444444444443,652.7777777777778
4323309.0,VILA FLORES,Nordeste Rio-grandense,3646.0,446,131,3058.1459133296767,898.2446516730663
4304614.0,CANUDOS DO VALE,Centro Oriental Rio-grandense,1656.0,202,56,3049.5169082125603,845.4106280193236
4315354.0,QUINZE DE NOVEMBRO,Noroeste Rio-grandense,3910.0,473,146,3024.296675191816,933.5038363171357
4304713.0,CARAA,Metropolitana de Porto Alegre,7394.0,893,215,3019.3400054097915,726.940762780633
4323358.0,VILA LANGARO,Noroeste Rio-grandense,2079.0,248,71,2982.202982202982,853.7758537758539
4308433.0,FORQUETINHA,Centro Oriental Rio-grandense,2393.0,283,79,2956.53990806519,825.3238612620141
4305934.0,CORONEL PILAR,Nordeste Rio-grandense,1607.0,190,57,2955.818294959552,886.7454884878655
4312179.0,MATO QUEIMADO,Noroeste Rio-grandense,1795.0,211,55,2938.7186629526464,766.0167130919219
4309258.0,GUABIJU,Nordeste Rio-grandense,1417.0,166,41,2928.7226534932956,723.3592095977417
4312955.0,NOVA BOA VISTA,Noroeste Rio-grandense,2042.0,235,69,2877.081292850147,844.7600391772771
4310363.0,IMIGRANTE,Centro Oriental Rio-grandense,3080.0,348,89,2824.6753246753246,722.4025974025974
4311254.0,LAGOAO,Noroeste Rio-grandense,5341.0,589,166,2756.974349372777,777.0080509267927
4318440.0,SAO JORGE,Nordeste Rio-grandense,2912.0,319,78,2738.6675824175823,669.6428571428571
4313011.0,NOVA CANDELARIA,Noroeste Rio-grandense,3061.0,335,71,2736.033975824894,579.875857562888
4302253.0,BOA VISTA DO SUL,Nordeste Rio-grandense,2779.0,303,84,2725.800647715005,755.6675062972292
4305371.0,CHARRUA,Noroeste Rio-grandense,2768.0,299,83,2700.5057803468208,749.6387283236994
4313466.0,NOVO XINGU,Noroeste Rio-grandense,1646.0,177,41,2688.3353584447145,622.7217496962332
4321626.0,TRAVESSEIRO,Centro Oriental Rio-grandense,2152.0,231,42,2683.550185873606,487.9182156133829
4319372.0,SAO PEDRO DO BUTIA,Noroeste Rio-grandense,3070.0,326,67,2654.7231270358307,545.6026058631921
4312443.0,MORRINHOS DO SUL,Metropolitana de Porto Alegre,3071.0,326,67,2653.8586779550637,545.4249430153045
4320321.0,SENADOR SALGADO FILHO,Noroeste Rio-grandense,2673.0,283,76,2646.838757949869,710.8118219229331
4318424.0,SAO JOAO DA URTIGA,Noroeste Rio-grandense,4461.0,465,106,2605.917955615333,594.0372113875812
4307864.0,FAGUNDES VARELA,Nordeste Rio-grandense,2566.0,263,53,2562.3538581449725,516.3678877630553
4302055.0,BENJAMIN CONSTANT DO SUL,Noroeste Rio-grandense,2082.0,213,47,2557.636887608069,564.3611911623439
4301925.0,BARRA DO RIO AZUL,Noroeste Rio-grandense,1696.0,169,47,2491.1556603773583,692.8066037735849
4319737.0,SAO VALERIO DO SUL,Noroeste Rio-grandense,2543.0,242,61,2379.0798269760126,599.6854109319701
4316204.0,RONDINHA,Noroeste Rio-grandense,4991.0,472,117,2364.255660188339,586.0548988178722
4316477.0,SALVADOR DAS MISSOES,Noroeste Rio-grandense,2877.0,260,38,2259.297879735836,330.2050747306222
4301073.0,ARROIO DO PADRE,Sudeste Rio-grandense,2599.0,222,72,2135.436706425548,692.5740669488265
4322343.0,UBIRETAMA,Noroeste Rio-grandense,1994.0,170,39,2131.394182547643,488.96690070210633
4318499.0,SAO JOSE DO INHACORA,Noroeste Rio-grandense,2406.0,199,42,2067.747298420615,436.4089775561097
